measure,location,sex,age,metric,year,val,upper,lower
Population,G20,Male,15-49 years,Number,1990,988109988.153098,1017835833.5406423,958845274.5677574
Population,G20,Female,15-49 years,Number,1990,947163878.1264702,975045329.8652054,920003733.8006018
Population,G20,Both,15-49 years,Number,1990,1935273866.2795682,1992863845.010213,1878662252.252201
Population,G20,Male,15-49 years,Number,1991,1002842381.8559238,1034149564.6200744,970827422.4935936
Population,G20,Female,15-49 years,Number,1991,960801031.4164267,989884475.6250364,930921401.2679397
Population,G20,Both,15-49 years,Number,1991,1963643413.2723503,2024151367.6020565,1901748823.7615333
Population,G20,Male,15-49 years,Number,1992,1016762539.3633265,1051194021.8841401,983931420.0558403
Population,G20,Female,15-49 years,Number,1992,973932656.348019,1006238668.1240969,943004510.8847644
Population,G20,Both,15-49 years,Number,1992,1990695195.7113454,2057155462.550669,1926934434.3150535
Population,G20,Male,15-49 years,Number,1993,1030070456.9736212,1066789660.8672746,994091208.7507586
Population,G20,Female,15-49 years,Number,1993,987000609.351536,1021409776.3473833,953350829.9667629
Population,G20,Both,15-49 years,Number,1993,2017071066.3251574,2088316856.2599435,1947436286.2670777
Population,G20,Male,15-49 years,Number,1994,1043264538.3777618,1084167679.5652359,1004674482.7892668
Population,G20,Female,15-49 years,Number,1994,1000268094.9800091,1038155224.0384722,964172205.7181643
Population,G20,Both,15-49 years,Number,1994,2043532633.357771,2122325556.7367697,1968596249.5951312
Population,G20,Male,15-49 years,Number,1995,1056397031.7401476,1100089272.654494,1013687140.3335308
Population,G20,Female,15-49 years,Number,1995,1013852768.412115,1054686438.7322254,973988365.0094101
Population,G20,Both,15-49 years,Number,1995,2070249800.1522624,2154550149.3559823,1987214317.8864956
Population,G20,Male,15-49 years,Number,1996,1068597952.6010592,1112509300.6542602,1027302372.2782223
Population,G20,Female,15-49 years,Number,1996,1026745839.167195,1067841987.0591466,988718843.3964903
Population,G20,Both,15-49 years,Number,1996,2095343791.768254,2180351938.954608,2015780731.0650961
Population,G20,Male,15-49 years,Number,1997,1078982374.133828,1120098163.1970189,1038197141.6687663
Population,G20,Female,15-49 years,Number,1997,1037935339.0691485,1076665473.902383,999607992.3878717
Population,G20,Both,15-49 years,Number,1997,2116917713.2029765,2196777584.8379846,2037805134.056638
Population,G20,Male,15-49 years,Number,1998,1090222756.6449604,1129791281.2715833,1053313895.355178
Population,G20,Female,15-49 years,Number,1998,1050058392.0493783,1087376620.966148,1015694093.9310791
Population,G20,Both,15-49 years,Number,1998,2140281148.6943388,2217167902.237731,2069085886.920685
Population,G20,Male,15-49 years,Number,1999,1101023575.7139575,1136845868.2778704,1067537418.4950542
Population,G20,Female,15-49 years,Number,1999,1061829638.6945947,1095705164.4752963,1030069808.1970316
Population,G20,Both,15-49 years,Number,1999,2162853214.408552,2232551032.753167,2097562492.2507894
Population,G20,Male,15-49 years,Number,2000,1114454305.1941686,1149011005.1063652,1081679377.0983815
Population,G20,Female,15-49 years,Number,2000,1075823860.3486202,1108328893.287514,1044717963.4295243
Population,G20,Both,15-49 years,Number,2000,2190278165.5427885,2257343819.793515,2126119054.6593444
Population,G20,Male,15-49 years,Number,2001,1127516312.1245918,1162541007.6736958,1094431810.1240423
Population,G20,Female,15-49 years,Number,2001,1089209032.6657126,1122625553.6100621,1058073707.5278008
Population,G20,Both,15-49 years,Number,2001,2216725344.7903047,2285148837.405088,2152485159.4621406
Population,G20,Male,15-49 years,Number,2002,1140956177.6635869,1180634563.2719362,1104085989.883521
Population,G20,Female,15-49 years,Number,2002,1102835529.8925374,1140537451.478984,1067869603.6906376
Population,G20,Both,15-49 years,Number,2002,2243791707.556124,2321174426.711675,2172059946.1217856
Population,G20,Male,15-49 years,Number,2003,1154103139.225954,1196075079.6986215,1114555444.0325017
Population,G20,Female,15-49 years,Number,2003,1116101586.5937283,1156070900.7678282,1078461267.220523
Population,G20,Both,15-49 years,Number,2003,2270204725.8196826,2352148374.254658,2192902310.1406894
Population,G20,Male,15-49 years,Number,2004,1166657456.7365355,1211629322.613757,1123546274.5161254
Population,G20,Female,15-49 years,Number,2004,1128755092.3355563,1171476660.5452194,1088038973.2655365
Population,G20,Both,15-49 years,Number,2004,2295412549.0720916,2382815327.2678084,2211139093.7522836
Population,G20,Male,15-49 years,Number,2005,1178319654.6087916,1228179250.437683,1131675332.695003
Population,G20,Female,15-49 years,Number,2005,1140538616.5491838,1188293096.071569,1096654349.831349
Population,G20,Both,15-49 years,Number,2005,2318858271.157975,2416598853.5702624,2228319783.800663
Population,G20,Male,15-49 years,Number,2006,1189078067.9816139,1240005246.967954,1142169574.1379714
Population,G20,Female,15-49 years,Number,2006,1151522775.294625,1200221281.9990451,1106948024.1888165
Population,G20,Both,15-49 years,Number,2006,2340600843.276239,2440226528.966999,2249297482.413105
Population,G20,Male,15-49 years,Number,2007,1199278460.2557063,1246574613.9948912,1154887650.0494597
Population,G20,Female,15-49 years,Number,2007,1161929096.7234108,1207194497.9237206,1119130317.9243174
Population,G20,Both,15-49 years,Number,2007,2361207556.979117,2453769111.9186125,2273984835.3191504
Population,G20,Male,15-49 years,Number,2008,1209214424.2030005,1252747572.3544264,1169883032.5320148
Population,G20,Female,15-49 years,Number,2008,1171927003.4395304,1213626637.4671743,1134131937.8556743
Population,G20,Both,15-49 years,Number,2008,2381141427.642531,2466374209.821601,2304014970.387689
Population,G20,Male,15-49 years,Number,2009,1218688174.8876207,1258763151.338278,1181520545.85656
Population,G20,Female,15-49 years,Number,2009,1181233751.8483167,1219703677.094904,1145649532.4324472
Population,G20,Both,15-49 years,Number,2009,2399921926.735937,2478466828.433182,2327170078.289007
Population,G20,Male,15-49 years,Number,2010,1227082188.208751,1265061280.3810546,1192131593.1663644
Population,G20,Female,15-49 years,Number,2010,1189266711.5871725,1225627868.4335034,1155841049.1843665
Population,G20,Both,15-49 years,Number,2010,2416348899.7959237,2490689148.8145585,2348051096.929016
Population,G20,Male,15-49 years,Number,2011,1234096406.6036701,1274362620.5453012,1197784034.791212
Population,G20,Female,15-49 years,Number,2011,1195702748.6465733,1234100117.4491053,1160637487.535129
Population,G20,Both,15-49 years,Number,2011,2429799155.250243,2508556128.125304,2358487515.325439
Population,G20,Male,15-49 years,Number,2012,1239511003.4744623,1282930202.1030855,1200628070.972858
Population,G20,Female,15-49 years,Number,2012,1200241068.7788954,1241725768.8022423,1162672669.3145404
Population,G20,Both,15-49 years,Number,2012,2439752072.253358,2524720498.344702,2363467411.9683485
Population,G20,Male,15-49 years,Number,2013,1243115250.3472815,1289719238.5893734,1200372812.488031
Population,G20,Female,15-49 years,Number,2013,1202518106.7575376,1247089960.5103383,1161230027.4612727
Population,G20,Both,15-49 years,Number,2013,2445633357.104819,2536809199.0997114,2361516202.3702083
Population,G20,Male,15-49 years,Number,2014,1245664671.8003178,1294934773.587366,1200637176.9956713
Population,G20,Female,15-49 years,Number,2014,1203275622.3349204,1250369855.6393557,1160116719.5636642
Population,G20,Both,15-49 years,Number,2014,2448940294.135238,2545309712.4212165,2360775762.422571
Population,G20,Male,15-49 years,Number,2015,1247724275.1532412,1300494120.6987667,1199627214.1666977
Population,G20,Female,15-49 years,Number,2015,1203095078.8315644,1253591926.7298253,1157137288.7057865
Population,G20,Both,15-49 years,Number,2015,2450819353.9848056,2554110376.087342,2357026039.7439528
Population,G20,Male,15-49 years,Number,2016,1249825790.505428,1300916606.84498,1200586342.9920506
Population,G20,Female,15-49 years,Number,2016,1202527703.5011997,1251168062.037912,1155567101.2834027
Population,G20,Both,15-49 years,Number,2016,2452353494.006628,2552074116.8052535,2356153444.275453
Population,G20,Male,15-49 years,Number,2017,1251386304.3135412,1305820431.3859804,1202447072.4394393
Population,G20,Female,15-49 years,Number,2017,1201327394.525064,1253154110.8920252,1155060693.2322059
Population,G20,Both,15-49 years,Number,2017,2452713698.838605,2558974956.9131927,2357959763.6770105
Population,G20,Male,15-49 years,Number,2018,1252588432.3325417,1304675397.6893315,1202602305.976609
Population,G20,Female,15-49 years,Number,2018,1199871858.338068,1248890378.328531,1152412339.2018704
Population,G20,Both,15-49 years,Number,2018,2452460290.67061,2553733576.7058167,2355031386.2513356
Population,G20,Male,15-49 years,Number,2019,1253593617.8868217,1309507720.2973022,1202697032.7106638
Population,G20,Female,15-49 years,Number,2019,1198416062.5400333,1251241231.993413,1150678629.6920877
Population,G20,Both,15-49 years,Number,2019,2452009680.426855,2561094016.9189706,2353187392.1723886
Population,G20,Male,15-49 years,Number,2020,1254390406.7167904,1311033348.2371154,1201051426.3585482
Population,G20,Female,15-49 years,Number,2020,1196998800.993933,1250663258.8781872,1146659262.4538558
Population,G20,Both,15-49 years,Number,2020,2451389207.7107234,2561702233.505721,2348069220.7600546
Population,G20,Male,15-49 years,Number,2021,1255149333.6123865,1316535395.1524909,1198553488.906282
Population,G20,Female,15-49 years,Number,2021,1195755405.4442768,1253676842.3645954,1142833471.4494884
Population,G20,Both,15-49 years,Number,2021,2450904739.056663,2569999402.6036754,2341576712.1792336
Population,G20,Male,50-69 years,Number,1990,256119477.71831256,263025606.5940351,249609674.60831246
Population,G20,Female,50-69 years,Number,1990,263072100.8022654,269812579.1353883,257114862.60486186
Population,G20,Both,50-69 years,Number,1990,519191578.52057797,532937534.9791297,506734439.11514074
Population,G20,Male,50-69 years,Number,1991,260829098.7229926,268226294.63801268,253663139.75576192
Population,G20,Female,50-69 years,Number,1991,267201291.0743163,274557413.6752394,260523245.37870517
Population,G20,Both,50-69 years,Number,1991,528030389.79730886,542824029.1518682,514158569.9701645
Population,G20,Male,50-69 years,Number,1992,264964732.0962382,273223309.63095087,257435720.21579283
Population,G20,Female,50-69 years,Number,1992,270919779.70114607,278678243.15900624,263636279.09458196
Population,G20,Both,50-69 years,Number,1992,535884511.79738426,552108629.188713,521279308.6732136
Population,G20,Male,50-69 years,Number,1993,268768396.03992206,277521085.4648485,260518771.35819516
Population,G20,Female,50-69 years,Number,1993,274264156.21987665,282814628.0640003,266458449.1788596
Population,G20,Both,50-69 years,Number,1993,543032552.2597988,560364191.5617019,527123113.0082928
Population,G20,Male,50-69 years,Number,1994,272064588.20271647,281683150.1317637,263236139.90605465
Population,G20,Female,50-69 years,Number,1994,277395595.5722865,286834455.6484355,268991280.95551884
Population,G20,Both,50-69 years,Number,1994,549460183.775003,568630020.1542542,532348493.74857116
Population,G20,Male,50-69 years,Number,1995,275052176.2717075,285266771.4337524,265330046.62200046
Population,G20,Female,50-69 years,Number,1995,280334310.55618995,290370134.7992246,271161800.70163167
Population,G20,Both,50-69 years,Number,1995,555386486.8278974,575628540.2696298,536581653.4254113
Population,G20,Male,50-69 years,Number,1996,278708973.1605915,289067889.1880905,269254989.5198758
Population,G20,Female,50-69 years,Number,1996,284081865.9706712,294059550.70688784,275297081.88820064
Population,G20,Both,50-69 years,Number,1996,562790839.1312627,583237923.672394,544709517.2029556
Population,G20,Male,50-69 years,Number,1997,284293135.8818515,294272936.47548926,274812022.2866087
Population,G20,Female,50-69 years,Number,1997,289857046.3014522,299378806.42756504,280909635.57938963
Population,G20,Both,50-69 years,Number,1997,574150182.1833037,593596452.1345723,555839908.2450231
Population,G20,Male,50-69 years,Number,1998,289781506.61767536,299199629.13828087,281199046.01719517
Population,G20,Female,50-69 years,Number,1998,295566155.0586676,304646814.1098356,287284236.9286761
Population,G20,Both,50-69 years,Number,1998,585347661.676343,603838940.5425942,568727549.9402564
Population,G20,Male,50-69 years,Number,1999,296935916.2703258,305779887.4335363,288820955.3411284
Population,G20,Female,50-69 years,Number,1999,302772273.9051893,311233265.18173087,295080977.30825
Population,G20,Both,50-69 years,Number,1999,599708190.175515,616960747.7702467,583796107.4247369
Population,G20,Male,50-69 years,Number,2000,302867196.0105672,311450430.8350225,294757673.01820856
Population,G20,Female,50-69 years,Number,2000,309120337.5700322,317290775.2671147,301520029.7477461
Population,G20,Both,50-69 years,Number,2000,611987533.5805993,628621049.1708628,596391324.0749738
Population,G20,Male,50-69 years,Number,2001,310517781.17878836,319545652.9463647,302297242.6589869
Population,G20,Female,50-69 years,Number,2001,317203369.3265428,325940720.01942503,309291496.2972265
Population,G20,Both,50-69 years,Number,2001,627721150.5053312,645374764.8647894,611727386.4605303
Population,G20,Male,50-69 years,Number,2002,318681671.1114469,328915495.14187104,309273097.55540377
Population,G20,Female,50-69 years,Number,2002,325838925.54844344,335748194.00469416,316630092.08688414
Population,G20,Both,50-69 years,Number,2002,644520596.6598904,664651972.6416085,625959084.075487
Population,G20,Male,50-69 years,Number,2003,327615304.2558992,338767626.6656569,317142999.8883507
Population,G20,Female,50-69 years,Number,2003,335114339.6453812,345971927.4084622,324984814.613543
Population,G20,Both,50-69 years,Number,2003,662729643.9012804,684776726.2923195,642483642.7948033
Population,G20,Male,50-69 years,Number,2004,337250312.6353918,349343027.38265264,325697631.6904673
Population,G20,Female,50-69 years,Number,2004,345041144.96202135,356870432.4965585,334016944.8371508
Population,G20,Both,50-69 years,Number,2004,682291457.5974131,706437255.3551345,659815789.9505891
Population,G20,Male,50-69 years,Number,2005,347442150.9684395,360803690.24557185,334538157.6358874
Population,G20,Female,50-69 years,Number,2005,355448353.5476723,368562151.4168966,343227552.21237314
Population,G20,Both,50-69 years,Number,2005,702890504.5161119,729376313.9045475,677768530.6408422
Population,G20,Male,50-69 years,Number,2006,357417479.0482208,371385495.9560764,344029947.94951147
Population,G20,Female,50-69 years,Number,2006,365522333.7634705,379156913.61150604,352777896.43666023
Population,G20,Both,50-69 years,Number,2006,722939812.8116913,750566340.2645757,696621822.238075
Population,G20,Male,50-69 years,Number,2007,367013162.6963861,380484188.0952849,354438275.84040165
Population,G20,Female,50-69 years,Number,2007,375191069.6351467,388285448.8646846,363098501.1351961
Population,G20,Both,50-69 years,Number,2007,742204232.3315328,768770630.7833706,717392975.4692396
Population,G20,Male,50-69 years,Number,2008,376125328.7721489,388763283.7005442,364220283.25518537
Population,G20,Female,50-69 years,Number,2008,384467946.9865129,396784053.0463811,373041855.44455314
Population,G20,Both,50-69 years,Number,2008,760593275.7586619,785423579.8576148,737128628.050134
Population,G20,Male,50-69 years,Number,2009,385070902.9072959,396575367.7361625,374025128.15394545
Population,G20,Female,50-69 years,Number,2009,393844390.16720206,405199018.95990866,383352626.5332775
Population,G20,Both,50-69 years,Number,2009,778915293.0744979,801774388.10543,757387082.1526164
Population,G20,Male,50-69 years,Number,2010,394417923.93050843,405632068.5313174,384183876.47578984
Population,G20,Female,50-69 years,Number,2010,403692722.88043636,414776115.3261994,393600512.41295314
Population,G20,Both,50-69 years,Number,2010,798110646.8109448,820407615.6202635,777855936.3215088
Population,G20,Male,50-69 years,Number,2011,404409801.5219135,416777569.1216412,393150769.48870367
Population,G20,Female,50-69 years,Number,2011,414417749.34874415,426505779.95843804,403484731.3250553
Population,G20,Both,50-69 years,Number,2011,818827550.8706577,843225322.4633709,796636006.1651037
Population,G20,Male,50-69 years,Number,2012,415656045.00138664,429190185.7218111,402980463.2589107
Population,G20,Female,50-69 years,Number,2012,426506678.3656371,440080104.8249272,414030620.5262543
Population,G20,Both,50-69 years,Number,2012,842162723.3670237,869281423.4723344,817095654.8547158
Population,G20,Male,50-69 years,Number,2013,428272108.4398723,443581520.759967,413821736.11946386
Population,G20,Female,50-69 years,Number,2013,440203048.4252686,455319422.87020886,426044702.52806497
Population,G20,Both,50-69 years,Number,2013,868475156.8651409,898741376.5670094,839861121.2563282
Population,G20,Male,50-69 years,Number,2014,441755631.26638705,458324156.9299658,425662970.7649092
Population,G20,Female,50-69 years,Number,2014,454732437.6704238,471208334.90080893,439185726.20037365
Population,G20,Both,50-69 years,Number,2014,896488068.9368109,929525769.6252813,864804945.6963758
Population,G20,Male,50-69 years,Number,2015,455566778.6711414,473891671.53790283,437720620.58926827
Population,G20,Female,50-69 years,Number,2015,469657122.07448554,488140642.00762653,452031811.5656872
Population,G20,Both,50-69 years,Number,2015,925223900.7456269,961913981.8814023,889586617.5658097
Population,G20,Male,50-69 years,Number,2016,468385811.70108193,486636541.07077855,450746458.4760538
Population,G20,Female,50-69 years,Number,2016,483647128.2103932,502084417.39970374,466021693.3994497
Population,G20,Both,50-69 years,Number,2016,952032939.9114751,988480714.8169779,916766038.0968226
Population,G20,Male,50-69 years,Number,2017,479715270.08780354,498509570.60538584,461348890.18890464
Population,G20,Female,50-69 years,Number,2017,495814867.53532904,514885799.10566324,477574438.2476725
Population,G20,Both,50-69 years,Number,2017,975530137.6231326,1013371249.0519241,939399091.1347531
Population,G20,Male,50-69 years,Number,2018,491023597.0200949,509527383.08054215,473852618.01480705
Population,G20,Female,50-69 years,Number,2018,507830264.31172425,526457982.7837118,490510425.2802427
Population,G20,Both,50-69 years,Number,2018,998853861.3318192,1035981116.3657516,964486872.5660585
Population,G20,Male,50-69 years,Number,2019,500970107.7124302,519511313.2818798,483252160.49914896
Population,G20,Female,50-69 years,Number,2019,518248003.4060729,536937028.0793145,500167881.88095784
Population,G20,Both,50-69 years,Number,2019,1019218111.1185031,1056596757.404205,983573935.3363065
Population,G20,Male,50-69 years,Number,2020,511585802.0748486,530575459.0128362,493908011.892882
Population,G20,Female,50-69 years,Number,2020,529243370.7689228,548262034.1735548,511271924.9111869
Population,G20,Both,50-69 years,Number,2020,1040829172.8437715,1078830304.4417531,1005003897.3491055
Population,G20,Male,50-69 years,Number,2021,520406471.1783872,541480231.5232581,500509631.6727317
Population,G20,Female,50-69 years,Number,2021,538488668.3450855,560036750.8295628,518679989.34242153
Population,G20,Both,50-69 years,Number,2021,1058895139.5234727,1101273888.3084338,1019240853.3186227
Population,G20,Male,70+ years,Number,1990,63476380.48123493,64986404.56481223,62100085.09314617
Population,G20,Female,70+ years,Number,1990,95309479.7842925,97343443.38157442,93368224.05143109
Population,G20,Both,70+ years,Number,1990,158785860.26552743,162296677.30918226,155503929.75063142
Population,G20,Male,70+ years,Number,1991,65378216.888453856,67038297.22340979,63834250.801226676
Population,G20,Female,70+ years,Number,1991,97787686.54319613,100049198.26685454,95599691.08258869
Population,G20,Both,70+ years,Number,1991,163165903.43164998,167016019.00500318,159434626.35528165
Population,G20,Male,70+ years,Number,1992,67435768.50864658,69255713.84322771,65716158.10422196
Population,G20,Female,70+ years,Number,1992,100416124.46444103,102975467.63244717,98030856.59194022
Population,G20,Both,70+ years,Number,1992,167851892.9730876,172184873.50713402,163793429.01939034
Population,G20,Male,70+ years,Number,1993,69535692.73813233,71538135.62758566,67615838.50934485
Population,G20,Female,70+ years,Number,1993,103148087.5487803,105877635.19349068,100479514.58476497
Population,G20,Both,70+ years,Number,1993,172683780.28691265,177367351.8308906,168127505.62688714
Population,G20,Male,70+ years,Number,1994,71775055.58238822,74073779.3329845,69648235.97285114
Population,G20,Female,70+ years,Number,1994,105958965.09716436,108940484.44841543,103097070.31274335
Population,G20,Both,70+ years,Number,1994,177734020.67955258,183056470.10758555,172862486.5653191
Population,G20,Male,70+ years,Number,1995,74227199.50764024,76755308.47070771,71885441.70501009
Population,G20,Female,70+ years,Number,1995,108912139.62418021,112219806.57390466,105788608.40544756
Population,G20,Both,70+ years,Number,1995,183139339.13182044,188880150.83342418,177785576.90271425
Population,G20,Male,70+ years,Number,1996,76816839.89019182,79329240.41018736,74506395.6498794
Population,G20,Female,70+ years,Number,1996,111909283.7609532,115244762.79294984,108847554.47009511
Population,G20,Both,70+ years,Number,1996,188726123.65114504,194488172.79427817,183365650.96383095
Population,G20,Male,70+ years,Number,1997,79622620.4644879,82086946.93668927,77277042.39121325
Population,G20,Female,70+ years,Number,1997,115068675.27711684,118230363.54940818,111997869.20171866
Population,G20,Both,70+ years,Number,1997,194691295.74160475,200348207.49490348,189332845.90926918
Population,G20,Male,70+ years,Number,1998,82596775.66904835,84997638.67294995,80345883.33986065
Population,G20,Female,70+ years,Number,1998,118340560.70921765,121391661.56011592,115423547.10634167
Population,G20,Both,70+ years,Number,1998,200937336.378266,206316409.16273898,195789518.90776873
Population,G20,Male,70+ years,Number,1999,85651788.16182004,87899563.99249637,83531533.20911239
Population,G20,Female,70+ years,Number,1999,121719669.04754667,124607083.33951826,119017273.06902845
Population,G20,Both,70+ years,Number,1999,207371457.2093667,212478841.67482635,202567264.36029705
Population,G20,Male,70+ years,Number,2000,88767638.09759244,91005453.4296918,86662343.5244292
Population,G20,Female,70+ years,Number,2000,125113999.1516527,127951160.22304828,122463159.63147919
Population,G20,Both,70+ years,Number,2000,213881637.24924514,218870362.402896,209105312.1798839
Population,G20,Male,70+ years,Number,2001,91874129.49199693,94254119.37278445,89697418.24918875
Population,G20,Female,70+ years,Number,2001,128579324.5576451,131611097.15723222,125803195.31424014
Population,G20,Both,70+ years,Number,2001,220453454.04964203,225848963.8738043,215485732.83295366
Population,G20,Male,70+ years,Number,2002,94859628.19453597,97560952.44591618,92319780.8849885
Population,G20,Female,70+ years,Number,2002,131883663.70288986,135341388.35360005,128748209.16147794
Population,G20,Both,70+ years,Number,2002,226743291.89742583,232975788.5502091,221082716.4672701
Population,G20,Male,70+ years,Number,2003,97763254.71459161,100726548.82082063,95032509.5113576
Population,G20,Female,70+ years,Number,2003,135228586.4126153,138865204.76717073,131842177.71152614
Population,G20,Both,70+ years,Number,2003,232991841.12720692,239642903.6185141,226878244.30310926
Population,G20,Male,70+ years,Number,2004,100686081.01012184,103854412.45109217,97707014.81618533
Population,G20,Female,70+ years,Number,2004,138650387.3780646,142586574.65383065,134969240.00593168
Population,G20,Both,70+ years,Number,2004,239336468.38818645,246515568.47205356,232715703.83353543
Population,G20,Male,70+ years,Number,2005,103741540.14543295,107264018.65571664,100392179.10302924
Population,G20,Female,70+ years,Number,2005,142244997.83120516,146658546.8589266,138214190.0618694
Population,G20,Both,70+ years,Number,2005,245986537.9766381,253895541.43800312,238611864.90264526
Population,G20,Male,70+ years,Number,2006,107113506.79393254,110800024.81553015,103714969.11039606
Population,G20,Female,70+ years,Number,2006,146174054.47546467,150734977.47524866,141982416.44758
Population,G20,Both,70+ years,Number,2006,253287561.2693972,261563442.2143938,245714362.17724022
Population,G20,Male,70+ years,Number,2007,110621284.24845192,114198527.32843575,107366473.77975692
Population,G20,Female,70+ years,Number,2007,150262486.58376992,154646373.78659993,146218293.08189565
Population,G20,Both,70+ years,Number,2007,260883770.83222184,268867768.99262184,253633154.93186796
Population,G20,Male,70+ years,Number,2008,114070176.62564564,117416272.5793329,110951710.06748119
Population,G20,Female,70+ years,Number,2008,154342891.80113333,158446148.1491185,150495191.89285234
Population,G20,Both,70+ years,Number,2008,268413068.42677897,275877234.08974546,261619985.25412053
Population,G20,Male,70+ years,Number,2009,117479967.79620664,120576054.75559708,114507629.32028453
Population,G20,Female,70+ years,Number,2009,158314493.0159165,162078808.42680317,154780152.46531555
Population,G20,Both,70+ years,Number,2009,275794460.8121231,282712333.6045477,269303624.0769003
Population,G20,Male,70+ years,Number,2010,120922889.40619722,123955338.48515053,118212955.60443139
Population,G20,Female,70+ years,Number,2010,162427676.97229043,166128874.16991916,159121735.1841423
Population,G20,Both,70+ years,Number,2010,283350566.37848765,290127254.7823219,277289438.0409812
Population,G20,Male,70+ years,Number,2011,124421677.39282908,127771736.10056122,121380702.62459503
Population,G20,Female,70+ years,Number,2011,166501089.3447022,170651818.75890395,162820373.62461972
Population,G20,Both,70+ years,Number,2011,290922766.73753124,298518606.99417466,284137221.1733146
Population,G20,Male,70+ years,Number,2012,127863950.6634243,131546160.64021797,124414394.96499279
Population,G20,Female,70+ years,Number,2012,170374366.8798884,174922868.87487286,166219816.16756925
Population,G20,Both,70+ years,Number,2012,298238317.54331267,306396686.5088638,290690796.36392725
Population,G20,Male,70+ years,Number,2013,131389006.13549574,135541136.7018368,127526815.05956759
Population,G20,Female,70+ years,Number,2013,174152119.43192145,179349981.98401356,169467774.2424519
Population,G20,Both,70+ years,Number,2013,305541125.5674172,314927587.16435313,297141994.3549963
Population,G20,Male,70+ years,Number,2014,134790480.09377593,139231331.9777634,130548570.18894342
Population,G20,Female,70+ years,Number,2014,177933814.98650026,183367061.1096351,172822551.78624988
Population,G20,Both,70+ years,Number,2014,312724295.0802762,322601507.8166097,303501582.54175436
Population,G20,Male,70+ years,Number,2015,138232180.989783,143048223.61589974,133631178.32451545
Population,G20,Female,70+ years,Number,2015,181739105.70302585,187723741.25450665,176144899.85828713
Population,G20,Both,70+ years,Number,2015,319971286.6928088,330866987.9310614,309785878.466542
Population,G20,Male,70+ years,Number,2016,142337122.20062587,147221061.85603365,137720324.55170494
Population,G20,Female,70+ years,Number,2016,186265843.2341646,192141158.11629295,180753048.10982928
Population,G20,Both,70+ years,Number,2016,328602965.4347905,339395211.25011986,318527506.71269774
Population,G20,Male,70+ years,Number,2017,148115108.74523047,153341144.37990347,143372293.96843463
Population,G20,Female,70+ years,Number,2017,192706306.7335643,198897626.6972581,187033154.98523232
Population,G20,Both,70+ years,Number,2017,340821415.47879475,352215439.935135,330504590.5450549
Population,G20,Male,70+ years,Number,2018,153889929.6593708,158979759.79850236,149453504.72579232
Population,G20,Female,70+ years,Number,2018,199137275.37582016,205374278.73140332,193729918.93666872
Population,G20,Both,70+ years,Number,2018,353027205.03519094,364293106.2444598,343264102.0586109
Population,G20,Male,70+ years,Number,2019,160863466.44168937,166072403.21364272,156101227.837862
Population,G20,Female,70+ years,Number,2019,206904456.11761126,213217144.91891286,201253861.95891756
Population,G20,Both,70+ years,Number,2019,367767922.55930066,379274927.33758986,357429099.50452006
Population,G20,Male,70+ years,Number,2020,166180868.94878528,171503236.4921115,161342094.93570954
Population,G20,Female,70+ years,Number,2020,213316964.31246537,219656859.22674176,207436483.92703176
Population,G20,Both,70+ years,Number,2020,379497833.2612506,391163132.82786536,368844036.995975
Population,G20,Male,70+ years,Number,2021,171856065.4250951,177912949.45795432,166423532.00853804
Population,G20,Female,70+ years,Number,2021,220440804.56466654,227672733.30998543,213956406.50701445
Population,G20,Both,70+ years,Number,2021,392296869.98976165,405522771.62194777,380552958.5964789
Population,G20,Male,5-14 years,Number,1990,364142021.8230942,375497383.60316867,353647557.77186286
Population,G20,Female,5-14 years,Number,1990,341813737.3229499,352349423.0078365,332090957.5723118
Population,G20,Both,5-14 years,Number,1990,705955759.1460441,727846806.6110053,685770819.5610788
Population,G20,Male,5-14 years,Number,1991,368419276.63724595,380187151.9080338,357437047.95941263
Population,G20,Female,5-14 years,Number,1991,344969047.7165004,355907742.7291719,334785059.71495163
Population,G20,Both,5-14 years,Number,1991,713388324.3537463,736094894.6372056,692224847.8431691
Population,G20,Male,5-14 years,Number,1992,373066124.1102027,385920489.5733062,361336261.84079826
Population,G20,Female,5-14 years,Number,1992,348390778.59147084,360268772.9328892,337524471.19932544
Population,G20,Both,5-14 years,Number,1992,721456902.7016736,746154727.9301319,698837124.5051081
Population,G20,Male,5-14 years,Number,1993,377700823.59274274,391468266.1185247,364784326.93102
Population,G20,Female,5-14 years,Number,1993,351721709.4817948,364340541.10594594,339829923.635699
Population,G20,Both,5-14 years,Number,1993,729422533.0745375,755863188.6288575,704614180.9266748
Population,G20,Male,5-14 years,Number,1994,382004901.89603204,397460350.8770032,367829049.5369215
Population,G20,Female,5-14 years,Number,1994,354697327.8950959,368818741.64317364,341750260.6479383
Population,G20,Both,5-14 years,Number,1994,736702229.7911279,766327923.1289893,709580512.00028
Population,G20,Male,5-14 years,Number,1995,385696227.42823714,402529333.5835782,370081721.2135187
Population,G20,Female,5-14 years,Number,1995,357118410.5268844,372375382.21125853,343014662.7756528
Population,G20,Both,5-14 years,Number,1995,742814637.9551215,774809002.7442205,712961908.9063784
Population,G20,Male,5-14 years,Number,1996,388508870.08077973,405302701.0855773,372988929.82700926
Population,G20,Female,5-14 years,Number,1996,358848419.513368,374045750.48859173,344794149.7244636
Population,G20,Both,5-14 years,Number,1996,747357289.5941478,779295879.4250109,717771938.8656945
Population,G20,Male,5-14 years,Number,1997,390207237.4119619,406109291.2716835,374429467.1919418
Population,G20,Female,5-14 years,Number,1997,359684920.89425117,374138731.4832287,345594378.6734637
Population,G20,Both,5-14 years,Number,1997,749892158.306213,780276018.9285165,720011976.472856
Population,G20,Male,5-14 years,Number,1998,390491030.36855,406126874.9862107,376579240.31871843
Population,G20,Female,5-14 years,Number,1998,359312678.3869228,373363163.0469544,346797033.0647726
Population,G20,Both,5-14 years,Number,1998,749803708.7554728,779490038.0331651,723373010.3170078
Population,G20,Male,5-14 years,Number,1999,389276784.1464992,403050343.60660243,376654371.6416588
Population,G20,Female,5-14 years,Number,1999,357628763.07009286,369954398.75976664,346436590.4388096
Population,G20,Both,5-14 years,Number,1999,746905547.2165921,773028119.4441663,723140044.2016104
Population,G20,Male,5-14 years,Number,2000,386639555.03719044,399636665.3421233,374652118.7028436
Population,G20,Female,5-14 years,Number,2000,354704716.41547906,366406191.44429463,343899435.41502494
Population,G20,Both,5-14 years,Number,2000,741344271.4526695,766044702.5933131,718619556.1851541
Population,G20,Male,5-14 years,Number,2001,382899630.09945005,395391650.1876743,371232658.5926744
Population,G20,Female,5-14 years,Number,2001,350867191.39302784,362066489.4681179,340540556.3994896
Population,G20,Both,5-14 years,Number,2001,733766821.4924779,757458348.6110222,711773214.9921639
Population,G20,Male,5-14 years,Number,2002,378508520.29058486,391842682.9827735,365980454.24589205
Population,G20,Female,5-14 years,Number,2002,346539195.22592384,358518557.438781,335402940.83280396
Population,G20,Both,5-14 years,Number,2002,725047715.5165087,750346806.9025024,701383395.078696
Population,G20,Male,5-14 years,Number,2003,373709328.99328095,387511153.12456137,360766697.80284876
Population,G20,Female,5-14 years,Number,2003,341930513.01449573,354349347.9559919,330374046.38349164
Population,G20,Both,5-14 years,Number,2003,715639842.0077766,741860501.0805533,691163381.217426
Population,G20,Male,5-14 years,Number,2004,368793391.8220441,383799166.17462426,354412036.8336553
Population,G20,Female,5-14 years,Number,2004,337281579.0035891,350650146.0816901,324575810.9277907
Population,G20,Both,5-14 years,Number,2004,706074970.8256332,734447646.0600224,678987779.2917898
Population,G20,Male,5-14 years,Number,2005,364241588.8036276,380001401.85532427,349067951.13706106
Population,G20,Female,5-14 years,Number,2005,333012721.08977854,347068915.94169766,319514732.7116279
Population,G20,Both,5-14 years,Number,2005,697254309.8934062,727144945.7343552,668522230.241679
Population,G20,Male,5-14 years,Number,2006,360739637.62058353,377468727.9908526,345082316.66320735
Population,G20,Female,5-14 years,Number,2006,329690496.32686764,344669191.7194861,315661019.9967426
Population,G20,Both,5-14 years,Number,2006,690430133.9474512,722131843.8136919,660853122.4225626
Population,G20,Male,5-14 years,Number,2007,358194881.3158711,373667930.6851769,344023411.5159503
Population,G20,Female,5-14 years,Number,2007,327262256.8828842,340991335.17250407,314681307.6221642
Population,G20,Both,5-14 years,Number,2007,685457138.1987554,714707196.3626145,658683131.5490515
Population,G20,Male,5-14 years,Number,2008,356315274.05846137,370126454.46537256,343434251.0501356
Population,G20,Female,5-14 years,Number,2008,325501983.7799647,337833098.6398154,313825557.714419
Population,G20,Both,5-14 years,Number,2008,681817257.8384261,708008183.0214434,657429814.8487062
Population,G20,Male,5-14 years,Number,2009,354975450.75282896,367704375.1994016,342901334.5852921
Population,G20,Female,5-14 years,Number,2009,324285521.07385594,335794542.47754025,313319973.74469113
Population,G20,Both,5-14 years,Number,2009,679260971.826685,703533616.6654032,656259806.7855608
Population,G20,Male,5-14 years,Number,2010,354238053.27620995,366104824.09496194,342634810.94644296
Population,G20,Female,5-14 years,Number,2010,323646952.7213715,334296927.9880015,313152394.14977354
Population,G20,Both,5-14 years,Number,2010,677885005.9975814,700299890.430254,655785795.7646323
Population,G20,Male,5-14 years,Number,2011,354224234.7577995,365562376.599482,343579208.63091075
Population,G20,Female,5-14 years,Number,2011,323676710.4258091,333753393.10603344,314074885.18539345
Population,G20,Both,5-14 years,Number,2011,677900945.1836085,699407012.6898931,657650845.5074003
Population,G20,Male,5-14 years,Number,2012,354945000.6814116,367538821.7643772,343064982.89018464
Population,G20,Female,5-14 years,Number,2012,324372771.01704603,335746924.5154309,313655871.62240714
Population,G20,Both,5-14 years,Number,2012,679317771.6984576,703329742.9101881,656866808.4617836
Population,G20,Male,5-14 years,Number,2013,356263037.8675011,369675242.4461051,343365951.083156
Population,G20,Female,5-14 years,Number,2013,325643018.9645932,337843175.6926441,314081902.3014328
Population,G20,Both,5-14 years,Number,2013,681906056.8320942,707518418.1387492,657536556.5047722
Population,G20,Male,5-14 years,Number,2014,357884414.31975394,372445978.3265753,343435952.89227957
Population,G20,Female,5-14 years,Number,2014,327236394.8945976,340325442.2719309,314174534.0021268
Population,G20,Both,5-14 years,Number,2014,685120809.2143515,712721366.3396121,657570900.3242751
Population,G20,Male,5-14 years,Number,2015,359202748.2756142,375041165.3267911,344017534.57139003
Population,G20,Female,5-14 years,Number,2015,328620068.5881481,342842603.51781154,314845797.9287461
Population,G20,Both,5-14 years,Number,2015,687822816.8637624,717956245.7675352,658859734.345777
Population,G20,Male,5-14 years,Number,2016,360164637.5173779,376475571.714355,344046787.1225267
Population,G20,Female,5-14 years,Number,2016,329757197.4315234,344427400.4977049,315441264.3274905
Population,G20,Both,5-14 years,Number,2016,689921834.9489013,720749781.0950117,659672758.1403569
Population,G20,Male,5-14 years,Number,2017,361504923.10223466,378991348.08419,345753415.832928
Population,G20,Female,5-14 years,Number,2017,331253624.68250513,347111961.852969,316952245.5982846
Population,G20,Both,5-14 years,Number,2017,692758547.7847397,726157604.8726013,662682778.4631455
Population,G20,Male,5-14 years,Number,2018,363376257.2451144,380164262.8645753,347118860.0567947
Population,G20,Female,5-14 years,Number,2018,333225504.33702195,348476450.77824867,318430911.0399668
Population,G20,Both,5-14 years,Number,2018,696601761.5821364,728680782.8376641,665510692.8878078
Population,G20,Male,5-14 years,Number,2019,365327792.5882871,383307124.7672285,348995162.30813515
Population,G20,Female,5-14 years,Number,2019,335259394.83555865,351575223.11972016,320372119.8115444
Population,G20,Both,5-14 years,Number,2019,700587187.4238458,734882796.1017568,669366474.557426
Population,G20,Male,5-14 years,Number,2020,367342845.29487664,385330562.3555849,349993640.36404204
Population,G20,Female,5-14 years,Number,2020,337314791.72309285,353792756.37546873,321489033.9863261
Population,G20,Both,5-14 years,Number,2020,704657637.0179695,739109467.3572841,671482674.3503681
Population,G20,Male,5-14 years,Number,2021,369105837.195071,388769087.47520334,350990445.9010892
Population,G20,Female,5-14 years,Number,2021,339068695.6007751,357049564.1881683,322621974.3987226
Population,G20,Both,5-14 years,Number,2021,708174532.7958461,745778965.3019575,673571115.0870397
Population,China,Male,5-14 years,Number,1990,107038646.27873546,115006316.42045817,99779178.21898954
Population,China,Female,5-14 years,Number,1990,99531710.19396272,106940732.8701721,92781198.47790591
Population,China,Both,5-14 years,Number,1990,206570356.47269818,221947049.29063028,192560376.69689545
Population,China,Male,5-14 years,Number,1991,108453784.71602422,116536263.1869812,99509504.13425207
Population,China,Female,5-14 years,Number,1991,100528577.52084668,108020518.90617342,92237850.49111353
Population,China,Both,5-14 years,Number,1991,208982362.2368709,224556782.09315464,191747354.62536559
Population,China,Male,5-14 years,Number,1992,110384715.49695669,119152360.13776127,101699517.90353437
Population,China,Female,5-14 years,Number,1992,101993078.19205442,110094094.87660691,93968333.94490983
Population,China,Both,5-14 years,Number,1992,212377793.68901113,229246455.01436818,195667851.8484442
Population,China,Male,5-14 years,Number,1993,112551206.95151834,122424551.2288122,102979738.51121408
Population,China,Female,5-14 years,Number,1993,103632677.50141484,112723404.19608454,94820119.30294955
Population,China,Both,5-14 years,Number,1993,216183884.4529332,235147955.42489678,197799857.81416363
Population,China,Male,5-14 years,Number,1994,114752858.43890187,125589084.77298535,104287069.98583016
Population,China,Female,5-14 years,Number,1994,105251353.3465971,115189797.51420972,95652924.49182409
Population,China,Both,5-14 years,Number,1994,220004211.78549898,240778882.2871951,199939994.47765422
Population,China,Male,5-14 years,Number,1995,116765549.40651095,128256834.37548922,105070148.47926131
Population,China,Female,5-14 years,Number,1995,106677401.07598591,117175116.64215703,95993425.90882532
Population,China,Both,5-14 years,Number,1995,223442950.48249686,245431951.01764622,201063574.38808668
Population,China,Male,5-14 years,Number,1996,118267357.30548131,130115849.53771292,107487999.62856552
Population,China,Female,5-14 years,Number,1996,107696257.62513366,118484691.79137386,97881700.30918853
Population,China,Both,5-14 years,Number,1996,225963614.93061498,248600541.32908678,205369699.93775406
Population,China,Male,5-14 years,Number,1997,119027859.12167135,129710801.61762525,107749598.71076639
Population,China,Female,5-14 years,Number,1997,108056684.6629575,117753984.95032743,97819328.56311814
Population,China,Both,5-14 years,Number,1997,227084543.78462884,247464786.5679527,205568927.27388453
Population,China,Male,5-14 years,Number,1998,118709152.83346985,128365618.77374105,108971210.90338138
Population,China,Female,5-14 years,Number,1998,107409239.50701584,116145533.99962434,98599578.71121444
Population,China,Both,5-14 years,Number,1998,226118392.3404857,244511152.77336538,207570789.6145958
Population,China,Male,5-14 years,Number,1999,117092902.11627343,125659775.22574952,108428051.5068277
Population,China,Female,5-14 years,Number,1999,105530082.5932706,113249033.8300944,97722274.16054678
Population,China,Both,5-14 years,Number,1999,222622984.70954403,238908809.05584395,206150325.66737446
Population,China,Male,5-14 years,Number,2000,114226475.34703282,122198660.1778848,106331933.06973769
Population,China,Female,5-14 years,Number,2000,102464955.69826095,109615245.60111386,95385170.59280597
Population,China,Both,5-14 years,Number,2000,216691431.04529375,231813905.77899864,201717103.66254365
Population,China,Male,5-14 years,Number,2001,110328042.00089623,118310927.8824598,102372380.14175086
Population,China,Female,5-14 years,Number,2001,98439784.83296782,105561179.97219454,91343414.43705384
Population,China,Both,5-14 years,Number,2001,208767826.83386403,223872107.85465434,193715794.57880473
Population,China,Male,5-14 years,Number,2002,105751035.98819612,113878476.84716615,97491978.77281065
Population,China,Female,5-14 years,Number,2002,93813145.17120413,101021597.32548551,86488920.31612793
Population,China,Both,5-14 years,Number,2002,199564181.15940025,214900074.17265165,183980899.0889386
Population,China,Male,5-14 years,Number,2003,100735724.8833024,109305634.20329809,92501232.12585962
Population,China,Female,5-14 years,Number,2003,88831583.89564666,96386959.5518347,81573196.77380157
Population,China,Both,5-14 years,Number,2003,189567308.77894908,205692600.4414189,174074428.89966118
Population,China,Male,5-14 years,Number,2004,95571511.04166935,104000396.25307985,87256714.90485692
Population,China,Female,5-14 years,Number,2004,83770633.48296608,91156640.8087961,76485899.67242931
Population,China,Both,5-14 years,Number,2004,179342144.52463543,195157037.06187594,163742614.57728627
Population,China,Male,5-14 years,Number,2005,90784363.9784908,99467264.8836625,82340126.54259437
Population,China,Female,5-14 years,Number,2005,79095882.34298457,86658365.34961954,71741044.08351862
Population,China,Both,5-14 years,Number,2005,169880246.32147536,186125630.23328206,154081170.626113
Population,China,Male,5-14 years,Number,2006,86999727.42723037,95297629.82091607,78799739.3355346
Population,China,Female,5-14 years,Number,2006,75338742.84536646,82521855.75025651,68241705.81776163
Population,China,Both,5-14 years,Number,2006,162338470.27259684,177819485.5711726,147041445.15329623
Population,China,Male,5-14 years,Number,2007,84130953.04746251,91664326.93835735,76632874.4501418
Population,China,Female,5-14 years,Number,2007,72455139.51633611,78940508.90815033,66001318.58630506
Population,China,Both,5-14 years,Number,2007,156586092.56379864,170604835.84650767,142634193.03644687
Population,China,Male,5-14 years,Number,2008,81895398.46713607,88375397.28572334,75589287.38359272
Population,China,Female,5-14 years,Number,2008,70207987.24593791,75761274.54448032,64805162.36973642
Population,China,Both,5-14 years,Number,2008,152103385.71307397,164136671.83020368,140394449.75332913
Population,China,Male,5-14 years,Number,2009,80197041.08503039,85973617.16603489,74327951.01725926
Population,China,Female,5-14 years,Number,2009,68512647.97119665,73445849.71998732,63501771.63607109
Population,China,Both,5-14 years,Number,2009,148709689.05622703,159419466.88602218,137829722.65333036
Population,China,Male,5-14 years,Number,2010,79147902.56696719,84381724.63521278,74130950.65538085
Population,China,Female,5-14 years,Number,2010,67456618.06685492,71915791.25977306,63183404.34230547
Population,China,Both,5-14 years,Number,2010,146604520.6338221,156297515.89498585,137314354.99768633
Population,China,Male,5-14 years,Number,2011,78886100.35534707,85067031.90849443,73143789.36428832
Population,China,Female,5-14 years,Number,2011,67146943.73125303,72406252.98335111,62261931.07246457
Population,China,Both,5-14 years,Number,2011,146033044.0866001,157473284.89184555,135405720.4367529
Population,China,Male,5-14 years,Number,2012,79408389.86355792,85724893.95642762,73143611.63630234
Population,China,Female,5-14 years,Number,2012,67583277.48409542,72957345.8822966,62254301.0606583
Population,China,Both,5-14 years,Number,2012,146991667.34765336,158682239.83872426,135397912.69696063
Population,China,Male,5-14 years,Number,2013,80554189.64367759,87717926.00659002,73797170.70046647
Population,China,Female,5-14 years,Number,2013,68627800.2405367,74728931.98733974,62874246.36298268
Population,China,Both,5-14 years,Number,2013,149181989.8842143,162446857.9939297,136671417.06344917
Population,China,Male,5-14 years,Number,2014,82033199.97486678,89468393.10886163,74484511.82156171
Population,China,Female,5-14 years,Number,2014,70029769.50339366,76374973.1952877,63588962.35647296
Population,China,Both,5-14 years,Number,2014,152062969.47826046,165843366.30414933,138073474.1780347
Population,China,Male,5-14 years,Number,2015,83312147.40202458,91625457.3527438,75383754.21669732
Population,China,Female,5-14 years,Number,2015,71328703.74097575,78443930.79160732,64544030.78236362
Population,China,Both,5-14 years,Number,2015,154640851.14300033,170069388.1443511,139927784.99906093
Population,China,Male,5-14 years,Number,2016,84323912.47224692,92189806.68235044,76878013.73908582
Population,China,Female,5-14 years,Number,2016,72464183.99501188,79221637.49599682,66068478.08798128
Population,China,Both,5-14 years,Number,2016,156788096.46725878,171411444.17834726,142946491.8270671
Population,China,Male,5-14 years,Number,2017,85849819.59356992,93251592.46336947,77945008.29583035
Population,China,Female,5-14 years,Number,2017,74096124.92742582,80482666.94201598,67276641.19212072
Population,China,Both,5-14 years,Number,2017,159945944.52099574,173734259.40538546,145221649.48795107
Population,China,Male,5-14 years,Number,2018,88131480.54164104,95043569.0892633,81540768.52005216
Population,China,Female,5-14 years,Number,2018,76416491.24780661,82408192.81280203,70704375.27907369
Population,China,Both,5-14 years,Number,2018,164547971.78944764,177451761.90206534,152245143.79912585
Population,China,Male,5-14 years,Number,2019,90764365.09223013,97472475.91663915,83760798.25706984
Population,China,Female,5-14 years,Number,2019,79051190.18709575,84891009.5585606,72953371.6818288
Population,China,Both,5-14 years,Number,2019,169815555.27932587,182363485.47519973,156714169.93889865
Population,China,Male,5-14 years,Number,2020,93755078.86123474,99887596.5471278,87079774.9820184
Population,China,Female,5-14 years,Number,2020,81981272.56572482,87342537.25502041,76146343.34832598
Population,China,Both,5-14 years,Number,2020,175736351.42695954,187230133.80214822,163226118.3303444
Population,China,Male,5-14 years,Number,2021,96935439.7985322,104288211.76968777,89829642.07404122
Population,China,Female,5-14 years,Number,2021,85027905.89189237,91476189.95291881,78796985.78241205
Population,China,Both,5-14 years,Number,2021,181963345.69042456,195764401.72260657,168626627.85645327
Population,China,Male,15-49 years,Number,1990,344641666.4025015,370279839.1603332,321288179.6484679
Population,China,Female,15-49 years,Number,1990,322210572.49146295,346178997.70774066,300378678.09461504
Population,China,Both,15-49 years,Number,1990,666852238.8939645,716458836.8680737,621666857.7430829
Population,China,Male,15-49 years,Number,1991,350175068.1382812,376238014.3892005,321327967.58959675
Population,China,Female,15-49 years,Number,1991,326958892.21185964,351290089.0297145,300028593.37109643
Population,China,Both,15-49 years,Number,1991,677133960.3501408,727528103.4189152,621356560.9606931
Population,China,Male,15-49 years,Number,1992,354486464.5365559,382625771.4998681,326631825.7825237
Population,China,Female,15-49 years,Number,1992,330676635.5300418,356922441.0978284,304700009.31536174
Population,China,Both,15-49 years,Number,1992,685163100.0665977,739548212.5976964,631331835.0978855
Population,China,Male,15-49 years,Number,1993,357906398.55908245,389279697.4430621,327512958.9038116
Population,China,Female,15-49 years,Number,1993,333872372.9744981,363133126.60650444,305530466.0817933
Population,China,Both,15-49 years,Number,1993,691778771.5335805,752412824.0495664,633043424.9856049
Population,China,Male,15-49 years,Number,1994,360894848.28354585,394938737.6704359,328031215.6729522
Population,China,Female,15-49 years,Number,1994,336816167.4862755,368578811.4481073,306159710.3727481
Population,China,Both,15-49 years,Number,1994,697711015.7698214,763517549.1185431,634190926.0457003
Population,China,Male,15-49 years,Number,1995,363240449.4232246,398948204.1443621,326907875.4446447
Population,China,Female,15-49 years,Number,1995,339464282.0439342,372822424.3304971,305526101.8479675
Population,China,Both,15-49 years,Number,1995,702704731.4671588,771770628.4748592,632433977.2926122
Population,China,Male,15-49 years,Number,1996,364611485.39808726,401092547.07138777,331439226.5993539
Population,China,Female,15-49 years,Number,1996,341425618.09687465,375571290.22931904,310383373.678051
Population,China,Both,15-49 years,Number,1996,706037103.494962,776663837.3007069,641822600.2774049
Population,China,Male,15-49 years,Number,1997,365523485.97898144,398288647.3367247,330945261.33730656
Population,China,Female,15-49 years,Number,1997,343182274.51328564,373930285.49228483,310738148.20402855
Population,China,Both,15-49 years,Number,1997,708705760.492267,772218932.8290095,641683409.5413351
Population,China,Male,15-49 years,Number,1998,367093700.7158012,396916782.21771425,337029826.8616904
Population,China,Female,15-49 years,Number,1998,345779486.0087962,373856291.4142046,317480805.984497
Population,China,Both,15-49 years,Number,1998,712873186.7245973,770773073.6319188,654510632.8461874
Population,China,Male,15-49 years,Number,1999,368086927.0559118,394950625.6370539,340893229.3112829
Population,China,Female,15-49 years,Number,1999,347968464.83891255,373336141.05308723,322281257.5222332
Population,China,Both,15-49 years,Number,1999,716055391.8948243,768286766.6901411,663174486.8335161
Population,China,Male,15-49 years,Number,2000,371442529.9899608,397340808.45345926,345818259.2585874
Population,China,Female,15-49 years,Number,2000,352182509.9329977,376722966.0182353,327914337.71202445
Population,China,Both,15-49 years,Number,2000,723625039.9229585,774063774.4716947,673732596.9706119
Population,China,Male,15-49 years,Number,2001,374754319.39043283,401844428.5364716,347770781.9265792
Population,China,Female,15-49 years,Number,2001,356227401.0552468,381960183.2137633,330606106.64315873
Population,China,Both,15-49 years,Number,2001,730981720.4456795,783804611.750235,678376888.5697378
Population,China,Male,15-49 years,Number,2002,378499923.6091889,407567319.8992931,348975573.35501575
Population,China,Female,15-49 years,Number,2002,360641604.5044966,388317821.1647204,332542908.3482502
Population,China,Both,15-49 years,Number,2002,739141528.1136855,795885141.0640136,681518481.703266
Population,China,Male,15-49 years,Number,2003,382044100.4996327,414526333.92554647,350846195.3553358
Population,China,Female,15-49 years,Number,2003,364842588.60375816,395839009.8001923,335087512.2706179
Population,China,Both,15-49 years,Number,2003,746886689.1033909,810365343.7257388,685933374.5791798
Population,China,Male,15-49 years,Number,2004,385190213.93363136,419146477.365777,351702965.2731741
Population,China,Female,15-49 years,Number,2004,368646798.1774049,401119028.56173754,336638928.0488037
Population,China,Both,15-49 years,Number,2004,753837012.1110362,820265505.9275147,688341893.3219777
Population,China,Male,15-49 years,Number,2005,387818406.97996163,424898267.9296143,351756245.4437941
Population,China,Female,15-49 years,Number,2005,371951295.6171689,407483803.0184393,337391102.6876159
Population,China,Both,15-49 years,Number,2005,759769702.5971305,832382070.9480537,689147348.1314099
Population,China,Male,15-49 years,Number,2006,389809891.7223919,426979823.79889584,353083425.871811
Population,China,Female,15-49 years,Number,2006,374664223.8597836,410358009.4370558,339412565.2831497
Population,China,Both,15-49 years,Number,2006,764474115.5821755,837337833.2359517,692495991.1549608
Population,China,Male,15-49 years,Number,2007,391544100.69093215,426595672.2501867,356660887.8687459
Population,China,Female,15-49 years,Number,2007,377041286.6150577,410761715.7782741,343497896.5385106
Population,China,Both,15-49 years,Number,2007,768585387.3059899,837357388.0284609,700158784.4072566
Population,China,Male,15-49 years,Number,2008,393347186.468437,424463299.7519423,363071771.1378907
Population,China,Female,15-49 years,Number,2008,379329983.4485375,409309642.62599236,350180326.1495947
Population,China,Both,15-49 years,Number,2008,772677169.9169745,833773220.9558979,713252097.2874854
Population,China,Male,15-49 years,Number,2009,394874779.3410452,423309045.84483594,365991729.46417534
Population,China,Female,15-49 years,Number,2009,381155186.7977384,408574563.26086074,353323531.46196085
Population,China,Both,15-49 years,Number,2009,776029966.1387836,831883609.1056967,719315260.9261361
Population,China,Male,15-49 years,Number,2010,395614345.4897674,421765553.6629192,370554277.6129157
Population,China,Female,15-49 years,Number,2010,382018822.0648813,407245424.45570004,357864769.75709003
Population,China,Both,15-49 years,Number,2010,777633167.5546488,829010978.1186193,728419047.3700057
Population,China,Male,15-49 years,Number,2011,395020378.0717323,425956482.28057027,366288479.29796636
Population,China,Female,15-49 years,Number,2011,381376609.0235343,411210982.2619293,353687485.1193802
Population,China,Both,15-49 years,Number,2011,776396987.0952666,837167464.5424995,719975964.4173466
Population,China,Male,15-49 years,Number,2012,392758537.50128883,423981992.1556402,361802091.1378042
Population,China,Female,15-49 years,Number,2012,378830216.44779783,408911696.9673116,349026649.006811
Population,China,Both,15-49 years,Number,2012,771588753.9490867,832893689.1229519,710828740.1446153
Population,China,Male,15-49 years,Number,2013,388680223.5583376,423221642.58540505,356114625.7597506
Population,China,Female,15-49 years,Number,2013,374157363.5227674,407368811.2512977,342869193.2310809
Population,China,Both,15-49 years,Number,2013,762837587.0811051,830590453.8367027,698983818.9908314
Population,China,Male,15-49 years,Number,2014,383457348.28108203,418184462.3796276,348210544.9228517
Population,China,Female,15-49 years,Number,2014,368037576.4195178,401326494.92579526,334244248.78105134
Population,China,Both,15-49 years,Number,2014,751494924.7005998,819510957.3054229,682454793.703903
Population,China,Male,15-49 years,Number,2015,377681518.60002404,415334362.3181345,341788674.0121236
Population,China,Female,15-49 years,Number,2015,361045082.2619672,396990818.545327,326802744.2656973
Population,China,Both,15-49 years,Number,2015,738726600.8619913,812325180.8634615,668591418.277821
Population,China,Male,15-49 years,Number,2016,371799151.87692684,406449017.86683685,339013888.70622915
Population,China,Female,15-49 years,Number,2016,353539711.2805266,386441340.7249424,322428763.31574625
Population,China,Both,15-49 years,Number,2016,725338863.1574534,792890358.5917792,661442652.0219754
Population,China,Male,15-49 years,Number,2017,365877154.38724715,397393380.9868481,332236199.2821792
Population,China,Female,15-49 years,Number,2017,345893182.00657946,375645882.9479279,314159611.14842045
Population,China,Both,15-49 years,Number,2017,711770336.3938266,773039263.9347761,646395810.4305997
Population,China,Male,15-49 years,Number,2018,360055036.3115784,388268081.8068499,333170677.8075374
Population,China,Female,15-49 years,Number,2018,338395766.01603246,364873320.7824784,313188935.4214513
Population,China,Both,15-49 years,Number,2018,698450802.3276109,753141402.5893283,646359613.2289886
Population,China,Male,15-49 years,Number,2019,354460416.8882608,380616174.52633,327144188.4605172
Population,China,Female,15-49 years,Number,2019,331261158.30450886,355676809.5185515,305782649.58268344
Population,China,Both,15-49 years,Number,2019,685721575.1927696,736292984.0448816,632926475.4174588
Population,China,Male,15-49 years,Number,2020,349275794.097807,372100028.86134195,324448266.2473333
Population,China,Female,15-49 years,Number,2020,324667116.45550334,345873635.24382675,301645498.633748
Population,China,Both,15-49 years,Number,2020,673942910.5533103,717966496.9693701,626093764.8810812
Population,China,Male,15-49 years,Number,2021,344602740.5559886,370713853.2891699,319385572.55189615
Population,China,Female,15-49 years,Number,2021,318697423.67100435,342809115.74487156,295426246.8708235
Population,China,Both,15-49 years,Number,2021,663300164.226993,713522969.0340415,614816072.6497434
Population,China,Male,50-69 years,Number,1990,79595857.57080045,85510987.2981215,74209805.50588344
Population,China,Female,50-69 years,Number,1990,74103394.30223793,79610339.84888251,69089104.04266304
Population,China,Both,50-69 years,Number,1990,153699251.87303838,165121327.147004,143298909.54854646
Population,China,Male,50-69 years,Number,1991,81025018.06884788,87043315.35817392,74361460.85336632
Population,China,Female,50-69 years,Number,1991,75358312.80841444,80956176.80948733,69160505.56356047
Population,China,Both,50-69 years,Number,1991,156383330.87726232,167999492.16766125,143521966.4169268
Population,China,Male,50-69 years,Number,1992,82351079.9335502,88883077.38429719,75891434.87020539
Population,China,Female,50-69 years,Number,1992,76543500.95570834,82615140.94328623,70538675.53511138
Population,China,Both,50-69 years,Number,1992,158894580.88925853,171498218.32758343,146430110.40531677
Population,China,Male,50-69 years,Number,1993,83673265.37223262,91001801.94067666,76579035.5553365
Population,China,Female,50-69 years,Number,1993,77645858.71730779,84447055.58800864,71061583.88780686
Population,China,Both,50-69 years,Number,1993,161319124.0895404,175448857.5286853,147640619.4431434
Population,China,Male,50-69 years,Number,1994,84816180.06000246,92808996.3630166,77104041.39162807
Population,China,Female,50-69 years,Number,1994,78745999.69390602,86167883.27124874,71584287.58523689
Population,China,Both,50-69 years,Number,1994,163562179.7539085,178976879.63426536,148688328.97686493
Population,China,Male,50-69 years,Number,1995,86049591.56157273,94500948.22717707,77451996.76095305
Population,China,Female,50-69 years,Number,1995,79958127.29101793,87812536.5690979,71967545.46494032
Population,China,Both,50-69 years,Number,1995,166007718.85259068,182313484.79627496,149419531.9126825
Population,China,Male,50-69 years,Number,1996,87755893.87597987,96529021.87123597,79780996.17250746
Population,China,Female,50-69 years,Number,1996,81658813.02333802,89824041.00974052,74235927.51369366
Population,China,Both,50-69 years,Number,1996,169414706.8993179,186353062.88097644,154016923.68620113
Population,China,Male,50-69 years,Number,1997,89752557.59202878,97792630.41913198,81269084.97331819
Population,China,Female,50-69 years,Number,1997,83629451.73845133,91122216.24304283,75723130.55460167
Population,China,Both,50-69 years,Number,1997,173382009.33048013,188914846.6621748,156992215.52791986
Population,China,Male,50-69 years,Number,1998,91553728.52478427,98986999.57933927,84061585.74653457
Population,China,Female,50-69 years,Number,1998,85354699.46895279,92285505.54554665,78368798.80900693
Population,China,Both,50-69 years,Number,1998,176908427.99373704,191272505.1248859,162430384.5555415
Population,China,Male,50-69 years,Number,1999,94895095.17919911,101811857.49207553,87890132.9981321
Population,China,Female,50-69 years,Number,1999,88537529.85758738,94992378.85153756,82000900.17011262
Population,China,Both,50-69 years,Number,1999,183432625.0367865,196804236.3436131,169891033.1682447
Population,China,Male,50-69 years,Number,2000,96959629.93586564,103713878.41666454,90282026.15284602
Population,China,Female,50-69 years,Number,2000,90814958.17268613,97142496.84451735,84558094.11887802
Population,China,Both,50-69 years,Number,2000,187774588.10855177,200856375.26118186,174840120.27172408
Population,China,Male,50-69 years,Number,2001,100184129.33946404,107419306.66406502,92981245.24721135
Population,China,Female,50-69 years,Number,2001,94288821.61808172,101099693.47776344,87507536.89789924
Population,China,Both,50-69 years,Number,2001,194472950.95754576,208519000.14182845,180488782.14511058
Population,China,Male,50-69 years,Number,2002,103617813.14531958,111567866.67440748,95547431.94940867
Population,China,Female,50-69 years,Number,2002,97961827.66890028,105479256.56982106,90329772.09584346
Population,China,Both,50-69 years,Number,2002,201579640.81421986,217047123.24422854,185877204.04525208
Population,China,Male,50-69 years,Number,2003,107609503.76613024,116749854.31460872,98836520.61864085
Population,China,Female,50-69 years,Number,2003,102122634.17177999,110798121.71422365,93795003.60972877
Population,China,Both,50-69 years,Number,2003,209732137.93791023,227547976.02883238,192631524.22836962
Population,China,Male,50-69 years,Number,2004,111988316.61049585,121850551.13005036,102268458.00306328
Population,China,Female,50-69 years,Number,2004,106620620.30202468,116010985.53207074,97365282.25895666
Population,China,Both,50-69 years,Number,2004,218608936.91252053,237861536.66212112,199633731.18767458
Population,China,Male,50-69 years,Number,2005,116535313.03182419,127664916.6671607,105709609.39179847
Population,China,Female,50-69 years,Number,2005,111280732.34248745,121908905.23341039,100942690.76618817
Population,China,Both,50-69 years,Number,2005,227816045.37431163,249573821.9005711,206652300.15798664
Population,China,Male,50-69 years,Number,2006,120838573.42441982,132346829.7476723,109474832.80459332
Population,China,Female,50-69 years,Number,2006,115663239.76668562,126678458.0516331,104786420.96541473
Population,China,Both,50-69 years,Number,2006,236501813.19110543,259025287.7993054,214261253.7700081
Population,China,Male,50-69 years,Number,2007,124552561.71530627,135686728.95276657,113479076.76813802
Population,China,Female,50-69 years,Number,2007,119494967.12492059,130176362.8702725,108872039.06993279
Population,China,Both,50-69 years,Number,2007,244047528.84022686,265863091.82303908,222351115.8380708
Population,China,Male,50-69 years,Number,2008,127534852.81881137,137608844.2911101,117743433.52521999
Population,China,Female,50-69 years,Number,2008,122659208.8829372,132347179.88231939,113243560.63143732
Population,China,Both,50-69 years,Number,2008,250194061.70174858,269956024.17342955,230986994.15665734
Population,China,Male,50-69 years,Number,2009,130123811.4940954,139478313.5470072,120633382.15933561
Population,China,Female,50-69 years,Number,2009,125613896.46883218,134643093.02552494,116454313.09145245
Population,China,Both,50-69 years,Number,2009,255737707.96292758,274121406.5725322,237087695.25078803
Population,China,Male,50-69 years,Number,2010,132864685.1468273,141631536.1147594,124475842.14641261
Population,China,Female,50-69 years,Number,2010,128657338.25316316,137145244.343495,120536432.58076538
Population,China,Both,50-69 years,Number,2010,261522023.39999044,278776780.4582544,245012274.727178
Population,China,Male,50-69 years,Number,2011,136226467.24750912,146873675.45355886,126350308.61314784
Population,China,Female,50-69 years,Number,2011,132387225.93602438,142732207.84813616,122792567.46991245
Population,China,Both,50-69 years,Number,2011,268613693.1835335,289605883.301695,249142876.0830603
Population,China,Male,50-69 years,Number,2012,140560924.6458711,151712342.44660765,129518404.65646456
Population,China,Female,50-69 years,Number,2012,137146164.52540606,148023902.97578156,126376213.74948448
Population,China,Both,50-69 years,Number,2012,277707089.17127717,299736288.55875444,255894618.40594903
Population,China,Male,50-69 years,Number,2013,146107209.21545798,159065606.996617,133905498.76354149
Population,China,Female,50-69 years,Number,2013,143240310.89462426,155941002.70295963,131283786.02096759
Population,China,Both,50-69 years,Number,2013,289347520.1100822,315006298.92318785,265189284.7845091
Population,China,Male,50-69 years,Number,2014,152485377.1313249,166267924.5355898,138492067.0550311
Population,China,Female,50-69 years,Number,2014,150051308.24061757,163608969.3938056,136285669.51820257
Population,China,Both,50-69 years,Number,2014,302536685.37194246,329876893.92939544,274777688.03279775
Population,China,Male,50-69 years,Number,2015,159039796.52814084,174864855.22115937,143968886.0873924
Population,China,Female,50-69 years,Number,2015,157063063.8690207,172684590.28910774,142189270.558271
Population,China,Both,50-69 years,Number,2015,316102860.39716154,347549445.5102671,286158156.6456633
Population,China,Male,50-69 years,Number,2016,165176876.1978951,180542483.41836533,150650151.9205942
Population,China,Female,50-69 years,Number,2016,163800584.10686827,179030466.51344377,149405550.88784745
Population,China,Both,50-69 years,Number,2016,328977460.3047634,359572949.9318091,300055702.80844164
Population,China,Male,50-69 years,Number,2017,171023205.37630102,185730813.81402048,155338322.72338656
Population,China,Female,50-69 years,Number,2017,170179146.26236913,184806255.31404957,154584819.20515418
Population,China,Both,50-69 years,Number,2017,341202351.63867015,370537069.12807,309923141.92854077
Population,China,Male,50-69 years,Number,2018,176817344.35181135,190651530.68793762,163647116.35454905
Population,China,Female,50-69 years,Number,2018,176415291.47517172,190210012.55829972,163287773.67344695
Population,China,Both,50-69 years,Number,2018,353232635.82698303,380861543.2462374,326934890.02799594
Population,China,Male,50-69 years,Number,2019,181193076.80156094,194549509.46411154,167253940.609904
Population,China,Female,50-69 years,Number,2019,181046119.74670944,194384795.19557694,167130651.1783778
Population,China,Both,50-69 years,Number,2019,362239196.5482704,388934304.6596885,334384591.7882818
Population,China,Male,50-69 years,Number,2020,186305662.65078527,198477611.92934722,173086664.42469475
Population,China,Female,50-69 years,Number,2020,186167421.40158197,198328745.4189962,172975003.5863884
Population,China,Both,50-69 years,Number,2020,372473084.05236727,396806357.3483435,346061668.0110831
Population,China,Male,50-69 years,Number,2021,190390029.96366554,204801087.83882788,176478639.26446858
Population,China,Female,50-69 years,Number,2021,190120056.50427312,204498572.72011703,176243909.36103374
Population,China,Both,50-69 years,Number,2021,380510086.46793866,409299660.5589449,352722548.62550235
Population,China,Male,70+ years,Number,1990,16300073.15381403,17510104.857855484,15198760.826925132
Population,China,Female,70+ years,Number,1990,21229570.07987645,22804393.895503376,19796696.044719815
Population,China,Both,70+ years,Number,1990,37529643.23369048,40314498.75335886,34995456.87164495
Population,China,Male,70+ years,Number,1991,16973400.34037534,18231376.41908728,15580169.124696372
Population,China,Female,70+ years,Number,1991,21945558.88884404,23569940.233852457,20146303.481465578
Population,China,Both,70+ years,Number,1991,38918959.22921938,41801316.65293974,35726472.60616195
Population,China,Male,70+ years,Number,1992,17673005.873216733,19073385.749736536,16289796.61565246
Population,China,Female,70+ years,Number,1992,22688924.638459735,24485725.51120471,20915268.66316527
Population,China,Both,70+ years,Number,1992,40361930.51167647,43559120.345953956,37205065.278817736
Population,China,Male,70+ years,Number,1993,18378899.908712406,19986647.61174047,16822655.34322236
Population,China,Female,70+ years,Number,1993,23463805.628944367,25515145.47286617,21478280.183657
Population,China,Both,70+ years,Number,1993,41842705.53765678,45501793.08460665,38300935.526879355
Population,China,Male,70+ years,Number,1994,19112489.436923735,20908826.37316043,17378953.148838565
Population,China,Female,70+ years,Number,1994,24248522.354051407,26524941.09219926,22051575.278839737
Population,China,Both,70+ years,Number,1994,43361011.790975146,47433767.46535969,39430528.4276783
Population,China,Male,70+ years,Number,1995,19892998.149158984,21843382.73310952,17909813.85536084
Population,China,Female,70+ years,Number,1995,25055986.4563594,27510824.507138774,22560437.008428834
Population,China,Both,70+ years,Number,1995,44948984.605518386,49354207.24024829,40470250.86378966
Population,China,Male,70+ years,Number,1996,20693600.824526504,22758209.427971106,18818490.72592463
Population,China,Female,70+ years,Number,1996,25866544.040188484,28445324.06440375,23525321.891811967
Population,China,Both,70+ years,Number,1996,46560144.86471499,51203533.49237486,42343812.6177366
Population,China,Male,70+ years,Number,1997,21535223.79554238,23460410.783059318,19505019.02076869
Population,China,Female,70+ years,Number,1997,26714759.39012458,29100744.40633283,24198701.251422495
Population,China,Both,70+ years,Number,1997,48249983.18566696,52561667.81717625,43703720.27219118
Population,China,Male,70+ years,Number,1998,22421490.610141978,24237991.90674414,20591845.64503648
Population,China,Female,70+ years,Number,1998,27620417.08739637,29856536.91759024,25368721.85579081
Population,China,Both,70+ years,Number,1998,50041907.697538346,54094528.82433438,45960567.50082729
Population,China,Male,70+ years,Number,1999,23339298.60348701,25036018.626368754,21621597.592616457
Population,China,Female,70+ years,Number,1999,28526792.095129732,30599618.300975163,26429294.013292823
Population,China,Both,70+ years,Number,1999,51866090.69861674,55635636.92734392,48050891.60590928
Population,China,Male,70+ years,Number,2000,24288496.800089873,25977149.870848335,22621797.45520488
Population,China,Female,70+ years,Number,2000,29443892.28960656,31489730.135370407,27425409.37289214
Population,China,Both,70+ years,Number,2000,53732389.08969644,57466880.00621874,50047502.488577224
Population,China,Male,70+ years,Number,2001,25205106.573152576,27021191.516657498,23399478.58244785
Population,China,Female,70+ years,Number,2001,30355636.080192693,32541491.140377793,28183137.630204577
Population,China,Both,70+ years,Number,2001,55560742.653345264,59562687.18792102,51582616.21265243
Population,China,Male,70+ years,Number,2002,26137404.74923513,28137946.021937754,24106570.722308896
Population,China,Female,70+ years,Number,2002,31304534.511001065,33699203.66016288,28873563.837353453
Population,China,Both,70+ years,Number,2002,57441939.260236196,61837149.68210063,52980134.55966234
Population,China,Male,70+ years,Number,2003,27088125.493866686,29383298.245464467,24889104.91602138
Population,China,Female,70+ years,Number,2003,32325126.866369065,35062609.56225836,29703176.708310068
Population,China,Both,70+ years,Number,2003,59413252.36023575,64445907.80772283,54592428.15041027
Population,China,Male,70+ years,Number,2004,28129248.68504467,30599954.41236846,25698068.254870605
Population,China,Female,70+ years,Number,2004,33462468.91527536,36400156.6412362,30572684.210675944
Population,China,Both,70+ years,Number,2004,61591717.600320034,67000111.05360466,56270752.46554655
Population,China,Male,70+ years,Number,2005,29196769.13828211,31977790.901390016,26490715.96921413
Population,China,Female,70+ years,Number,2005,34591506.498568326,37884837.45710342,31386935.850304276
Population,China,Both,70+ years,Number,2005,63788275.63685044,69862628.35849343,57877651.8195184
Population,China,Male,70+ years,Number,2006,30384764.103107993,33270956.891527433,27538655.592265557
Population,China,Female,70+ years,Number,2006,35826672.40715922,39228265.04747402,32473102.4396316
Population,China,Both,70+ years,Number,2006,66211436.510267206,72499221.93900144,60011758.03189716
Population,China,Male,70+ years,Number,2007,31677223.556557246,34501673.94543058,28871572.873071797
Population,China,Female,70+ years,Number,2007,37151263.16270437,40462349.50953328,33862959.4529101
Population,China,Both,70+ years,Number,2007,68828486.71926162,74964023.45496385,62734532.3259819
Population,China,Male,70+ years,Number,2008,32895334.184991527,35487985.88201108,30377283.44444406
Population,China,Female,70+ years,Number,2008,38420975.38874492,41447997.16760146,35481517.91290567
Population,China,Both,70+ years,Number,2008,71316309.57373644,76935983.04961252,65858801.35734972
Population,China,Male,70+ years,Number,2009,34084837.12163477,36530101.68806173,31606377.98950137
Population,China,Female,70+ years,Number,2009,39592840.48171933,42432239.68057329,36715294.47908443
Population,China,Both,70+ years,Number,2009,73677677.6033541,78962341.36863501,68321672.4685858
Population,China,Male,70+ years,Number,2010,35218700.13815731,37538463.2850039,33002715.78329971
Population,China,Female,70+ years,Number,2010,40879472.45166909,43571475.853491925,38308655.26188074
Population,China,Both,70+ years,Number,2010,76098172.58982639,81109942.94412054,71311371.04518044
Population,China,Male,70+ years,Number,2011,36342174.96081009,39177087.64483029,33716557.41717571
Population,China,Female,70+ years,Number,2011,42175279.75850258,45464407.373588756,39129530.23524028
Population,China,Both,70+ years,Number,2011,78517454.71931267,84641495.01841906,72846087.65241599
Population,China,Male,70+ years,Number,2012,37536382.66836977,40509818.585428916,34595913.19174472
Population,China,Female,70+ years,Number,2012,43573291.6232149,47024436.21025989,40160860.41829652
Population,China,Both,70+ years,Number,2012,81109674.29158467,87534254.79568881,74756773.61004125
Population,China,Male,70+ years,Number,2013,38823683.677331775,42262234.67424224,35590302.34809375
Population,China,Female,70+ years,Number,2013,45064642.455823705,49055547.60139047,41312193.66309045
Population,China,Both,70+ years,Number,2013,83888326.13315548,91317782.27563272,76902496.0111842
Population,China,Male,70+ years,Number,2014,40041838.67955922,43654850.90412353,36372302.58321293
Population,China,Female,70+ years,Number,2014,46654344.874102555,50863823.33089291,42379107.73266532
Population,China,Both,70+ years,Number,2014,86696183.55366178,94518674.23501645,78751410.31587824
Population,China,Male,70+ years,Number,2015,41399600.13298566,45511781.40446011,37486788.933486715
Population,China,Female,70+ years,Number,2015,48428971.44956873,53239394.58077357,43851774.91177855
Population,China,Both,70+ years,Number,2015,89828571.58255439,98751175.9852337,81338563.84526527
Population,China,Male,70+ years,Number,2016,43144093.20773306,47148770.52848534,39358878.39975689
Population,China,Female,70+ years,Number,2016,50638460.70775546,55339098.49150653,46195541.431008264
Population,China,Both,70+ years,Number,2016,93782553.91548853,102487869.01999187,85554419.83076514
Population,China,Male,70+ years,Number,2017,45107763.6913954,48980887.49253714,40980854.68183571
Population,China,Female,70+ years,Number,2017,53070415.21098944,57627195.19101602,48215084.38321982
Population,China,Both,70+ years,Number,2017,98178178.90238485,106608082.68355317,89195939.06505553
Population,China,Male,70+ years,Number,2018,46909406.39934774,50573630.463609055,43424585.77910453
Population,China,Female,70+ years,Number,2018,55287608.21874133,59606030.08149005,51180792.26005723
Population,China,Both,70+ years,Number,2018,102197014.61808906,110179660.5450991,94605378.03916176
Population,China,Male,70+ years,Number,2019,49866245.77874371,53537303.13812195,46038505.16445838
Population,China,Female,70+ years,Number,2019,58699670.61512028,63020887.863107696,54194125.806076854
Population,China,Both,70+ years,Number,2019,108565916.39386399,116558191.00122966,100232630.97053525
Population,China,Male,70+ years,Number,2020,51797355.30883983,55176200.5965153,48136076.422759995
Population,China,Female,70+ years,Number,2020,61257999.08461529,65255580.9682598,56926530.731419705
Population,China,Both,70+ years,Number,2020,113055354.39345512,120431781.56477511,105062607.1541797
Population,China,Male,70+ years,Number,2021,54544592.12540382,58663989.18653815,50570608.49617884
Population,China,Female,70+ years,Number,2021,64759479.92728241,69651400.20520532,60039919.888696186
Population,China,Both,70+ years,Number,2021,119304072.05268623,128315389.39174348,110610528.38487503
